Programista BPA/RPA - Power Automate,https://nofluffjobs.com/pl/job/programista-bpa-rpa-power-automate-aplikacje-krytyczne-remote,nofluffjobs.com,RPA,2024-09-05 16:37:03
Senior Business Development Manager (AE),https://nofluffjobs.com/pl/job/senior-business-development-manager-ae-mindbox-warszawa,nofluffjobs.com,RPA,2024-09-05 16:37:03
Middle Integration Engineer,https://nofluffjobs.com/pl/job/middle-integration-engineer-n-ix-remote,nofluffjobs.com,RPA,2024-09-05 16:37:03
RPA Developer,https://nofluffjobs.com/pl/job/rpa-developer-wojewodzki-fundusz-ochrony-srodowiska-i-gospodarki-wodnej-w-poznaniu-poznan,nofluffjobs.com,RPA,2024-09-05 16:37:03
"Fullstack Developer (Python JavaScript React, SQL)",https://nofluffjobs.com/pl/job/fullstack-developer-python-javascript-react-sql-tdj-katowice,nofluffjobs.com,RPA,2024-09-05 16:37:03
MS Power Platform Developer,https://nofluffjobs.com/pl/job/ms-power-platform-developer-danish-crown-gbs-krakow,nofluffjobs.com,RPA,2024-09-05 16:37:03
IBAW Workflow Solution Developer,https://nofluffjobs.com/pl/job/ibaw-workflow-solution-developer-seb-skandinaviska-enskilda-banken-warszawa-ameu8laf,nofluffjobs.com,RPA,2024-09-05 16:37:03
IT Programmer,https://nofluffjobs.com/pl/job/it-programmer-rockwool-poznan-gueqesry,nofluffjobs.com,RPA,2024-09-05 16:37:03
Professional Data Engineer,https://nofluffjobs.com/pl/job/professional-data-engineer-avenga-remote-pmmxsgbd,nofluffjobs.com,RPA,2024-09-05 16:37:03
CRM Power App Developer,https://nofluffjobs.com/pl/job/crm-power-app-developer-wipro-it-services-poland-remote-skxbrog4,nofluffjobs.com,RPA,2024-09-05 16:37:03
Fullstack Developer JavaScript Node.js,https://nofluffjobs.com/pl/job/fullstack-developer-javascript-node-js-link-group-remote-epraeh36,nofluffjobs.com,RPA,2024-09-05 16:37:03
Business Development Manager,https://nofluffjobs.com/pl/job/business-development-manager-econsulting-warszawa-jkmtv2an,nofluffjobs.com,RPA,2024-09-05 16:37:03
Business Intelligence Manager,https://nofluffjobs.com/pl/job/business-intelligence-manager-vml-enterprise-solutions-poznan-clkhz8q6,nofluffjobs.com,RPA,2024-09-05 16:37:03
Data Engineer,https://nofluffjobs.com/pl/job/data-engineer-the-codest-remote-6axisrsw,nofluffjobs.com,RPA,2024-09-05 16:37:03
"Senior Full Stack Engineer -  (JS/TS, React, AWS)",https://nofluffjobs.com/pl/job/senior-full-stack-engineer-js-ts-react-aws-digital-hub-warsaw-at-bayer-warsaw-mtabhdvi,nofluffjobs.com,RPA,2024-09-05 16:37:03
Business Development Representative,https://nofluffjobs.com/pl/job/business-development-representative-vpteam-warsaw-6acalomk,nofluffjobs.com,RPA,2024-09-05 16:37:03
Remote Power Platform Analyst,https://nofluffjobs.com/pl/job/remote-power-platform-analyst-crodu-rf7jglyw,nofluffjobs.com,RPA,2024-09-05 16:37:03
Data Engineer with Databricks,https://nofluffjobs.com/pl/job/data-engineer-with-databricks-altimetrik-poland-remote-zvxjxmxe,nofluffjobs.com,RPA,2024-09-05 16:37:03
FullStack JavaScript Engineer (Vue + Node),https://nofluffjobs.com/pl/job/fullstack-javascript-engineer-vue-node-godel-technologies-europe-lodz-ikyaj6fi,nofluffjobs.com,RPA,2024-09-05 16:37:03
Business Development Manager,https://nofluffjobs.com/pl/job/business-development-manager-antal-wroclaw-isewecwh,nofluffjobs.com,RPA,2024-09-05 16:37:03
