RPA Developer,https://nofluffjobs.com/pl/job/rpa-developer-connectis--remote-1,nofluffjobs.com,RPA,2024-09-17 12:48:16
Programista BPA/RPA - Power Automate,https://nofluffjobs.com/pl/job/programista-bpa-rpa-power-automate-aplikacje-krytyczne-remote,nofluffjobs.com,RPA,2024-09-17 12:48:16
Senior Business Development Manager,https://nofluffjobs.com/pl/job/senior-business-development-manager-mindbox-warszawa-2,nofluffjobs.com,RPA,2024-09-17 12:48:16
Data Analytics and AI Engineer,https://nofluffjobs.com/pl/job/data-analytics-and-ai-engineer-ziel-remote,nofluffjobs.com,RPA,2024-09-17 12:48:16
Customer Success Manager / Business Analyst,https://nofluffjobs.com/pl/job/customer-success-manager-business-analyst-avenga-remote,nofluffjobs.com,RPA,2024-09-17 12:48:16
Middle Integration Engineer,https://nofluffjobs.com/pl/job/middle-integration-engineer-n-ix-remote,nofluffjobs.com,RPA,2024-09-17 12:48:16
"Fullstack Developer (Python JavaScript React, SQL)",https://nofluffjobs.com/pl/job/fullstack-developer-python-javascript-react-sql-tdj-katowice,nofluffjobs.com,RPA,2024-09-17 12:48:16
MS Power Platform Developer,https://nofluffjobs.com/pl/job/ms-power-platform-developer-danish-crown-gbs-krakow,nofluffjobs.com,RPA,2024-09-17 12:48:16
Business Analyst,https://nofluffjobs.com/pl/job/business-analyst-ipf-digital-remote-yediaqcx,nofluffjobs.com,RPA,2024-09-17 12:48:16
Business Intelligence Lead,https://nofluffjobs.com/pl/job/business-intelligence-lead-vml-enterprise-solutions-poznan-clkhz8q6,nofluffjobs.com,RPA,2024-09-17 12:48:16
Business Development Representative,https://nofluffjobs.com/pl/job/business-development-representative-vpteam-warsaw-6acalomk,nofluffjobs.com,RPA,2024-09-17 12:48:16
IT Programmer,https://nofluffjobs.com/pl/job/it-programmer-rockwool-poznan-gueqesry,nofluffjobs.com,RPA,2024-09-17 12:48:16
Senior Data Architect - Remote,https://nofluffjobs.com/pl/job/senior-data-architect-remote-scalo-x8xmnblq,nofluffjobs.com,RPA,2024-09-17 12:48:16
Senior R&D Engineer (AI/ML),https://nofluffjobs.com/pl/job/senior-r-d-engineer-ai-ml-softserve-remote-e0je0cqm,nofluffjobs.com,RPA,2024-09-17 12:48:16
Senior Full Stack (JavaScript) Developer,https://nofluffjobs.com/pl/job/senior-full-stack-javascript-developer-lucid-reality-labs-remote-aik21fvb,nofluffjobs.com,RPA,2024-09-17 12:48:16
Business Analyst,https://nofluffjobs.com/pl/job/business-analyst-transition-technologies-ms-remote-bgswcdsm,nofluffjobs.com,RPA,2024-09-17 12:48:16
Business Development Manager,https://nofluffjobs.com/pl/job/business-development-manager-econsulting-warszawa-jkmtv2an,nofluffjobs.com,RPA,2024-09-17 12:48:16
Professional Data Engineer,https://nofluffjobs.com/pl/job/professional-data-engineer-avenga-remote-pmmxsgbd,nofluffjobs.com,RPA,2024-09-17 12:48:16
AI Engineer,https://nofluffjobs.com/pl/job/ai-engineer-grape-up-remote-6rgznzaz,nofluffjobs.com,RPA,2024-09-17 12:48:16
Fullstack Developer JavaScript Node.js,https://nofluffjobs.com/pl/job/fullstack-developer-javascript-node-js-link-group-remote-epraeh36,nofluffjobs.com,RPA,2024-09-17 12:48:16
